{
  "r2": 0.8210568214433713,
  "mae": 0.5304162312421039,
  "rmse": 1.1727422866729575
}